StudyInstanceUID,ACL,MCL,Medial Meniscus,Lateral Meniscus,Medial OA,Lateral OA,PF OA,Effusion,Synovitis,Baker's,Contusion,Fracture
1.2.826.0.1.3680043.8.498.10095687747295410396510538520594649149,0.0,0.0,0.0,1.0,1.0,,,0.0,,0.0,,
1.2.826.0.1.3680043.8.498.11548045715264151632153040089882701935,1.0,0.0,0.0,1.0,0.0,0.0,0.0,1.0,,0.0,1.0,0.0
1.2.826.0.1.3680043.8.498.48348615349418615469875801439348424274,0.0,1.0,,0.0,0.0,0.0,0.0,0.0,,0.0,,
1.2.826.0.1.3680043.8.498.12801308844398614687904447633432197492,0.0,,1.0,0.0,1.0,0.0,0.0,1.0,,1.0,,
1.2.826.0.1.3680043.8.498.67188121544063723837669983597453941774,,,,,,,,,,,,
1.2.826.0.1.3680043.8.498.82166943552764439138333504456139890254,1.0,0.0,1.0,1.0,1.0,0.0,0.0,1.0,,,,
1.2.826.0.1.3680043.8.498.56512564464301544960446419143135447363,0.0,0.0,,0.0,1.0,,,1.0,1.0,0.0,,
1.2.826.0.1.3680043.8.498.28925345859498351203477642741908452608,0.0,0.0,1.0,0.0,1.0,0.0,0.0,1.0,,1.0,0.0,0.0
1.2.826.0.1.3680043.8.498.72853333220043794904856138561095171921,0.0,1.0,0.0,0.0,0.0,0.0,1.0,0.0,,0.0,1.0,0.0
1.2.826.0.1.3680043.8.498.12606657226568558340797193167488111973,1.0,1.0,0.0,1.0,0.0,0.0,0.0,0.0,,,0.0,0.0
